subject,windows,max_flat_0.5s,rejected_0.5s,max_flat_1.0s,rejected_1.0s,max_flat_2.0s,rejected_2.0s,max_flat_4.0s,rejected_4.0s,max_flat_raw_2.0s,median_sqi
S1,4603,0.0,0,0.0,0,0.0,0,0.0,0,0.0,-0.292
S2,4099,0.0,0,0.0,0,0.0,0,0.0,0,0.0,-0.201
S3,4367,0.0,0,0.0,0,0.0,0,0.0,0,0.0,-0.274
S4,4572,0.0,0,0.0,0,0.0,0,0.0,0,0.0,-0.127
S5,4649,0.0,0,0.0,0,0.0,0,0.0,0,0.0,-0.147
S6,2622,0.0,0,0.0,0,0.0,0,0.0,0,0.0,-0.149
S7,4668,0.0,0,0.0,0,0.0,0,0.0,0,0.0,-0.319
S8,4037,0.0,0,0.0,0,0.0,0,0.0,0,0.0,-0.269
S9,4277,0.0,0,0.0,0,0.0,0,0.0,0,0.0,-0.099
S10,5321,0.0,0,0.0,0,0.0,0,0.0,0,0.0,-0.242
S11,4521,0.0,0,0.0,0,0.0,0,0.0,0,0.0,-0.172
S12,3954,0.0,0,0.0,0,0.0,0,0.0,0,0.0,-0.312
S13,4565,0.0,0,0.0,0,0.0,0,0.0,0,0.0,-0.2
S14,4476,0.0,0,0.0,0,0.0,0,0.0,0,0.0,-0.261
S15,3966,0.0,0,0.0,0,0.0,0,0.0,0,0.0,-0.241
