subject,windows,elapsed_min,reject_papagei_order,reject_on_raw,usable_min_raw_rule
S1,4603,153.4,0.0,0.0,153.4
S2,4099,136.6,0.0,0.0,136.6
S3,4367,145.6,0.0,0.0,145.6
S4,4572,152.4,0.0,0.0,152.4
S5,4649,155.0,0.0,0.0,155.0
S6,2622,87.4,0.0,0.0,87.4
S7,4668,155.6,0.0,0.0,155.6
S8,4037,134.6,0.0,0.0,134.6
S9,4277,142.6,0.0,0.0,142.6
S10,5321,177.4,0.0,0.0,177.4
S11,4521,150.7,0.0,0.0,150.7
S12,3954,131.8,0.0,0.0,131.8
S13,4565,152.2,0.0,0.0,152.2
S14,4476,149.2,0.0,0.0,149.2
S15,3966,132.2,0.0,0.0,132.2
