subject,age,sex,height_cm,weight_kg,bmi,fitzpatrick_skin_type,fitness_level,fitness_meaning,duration_min,windows,hr_min,hr_median,hr_max,hr_iqr,pct_hr_outside_60_150,activities_present,windows_rejected,median_sqi,windows_over_10_iqr,arm_a_mae_papagei_p,arm_a_mae_papagei_s,min_transient,min_sitting,min_stairs,min_table_soccer,min_cycling,min_driving,min_lunch,min_walking,min_working,file,file_mb,fingerprint
S1,34,M,182.0,78.0,23.5,3,6,5-7 a week,153.5,4603,41.9,71.8,150.2,17.8,11.7,8,0,-0.292,,10.45,12.78,38.0,11.6,4.8,5.7,6.8,14.8,39.3,12.6,19.8,S1.pkl,1454,b75599ef3733
S2,28,M,189.0,80.0,22.4,3,5,3-5 a week,136.8,4099,56.9,79.5,149.2,15.8,1.2,8,0,-0.201,,13.46,12.19,42.0,10.0,4.4,5.1,6.5,15.3,20.3,11.5,21.5,S2.pkl,1277,9364c0ca992d
S3,25,M,170.0,60.0,20.8,3,5,3-5 a week,145.7,4367,44.5,88.2,148.7,19.0,5.9,8,0,-0.274,,7.44,8.58,33.5,10.0,7.3,4.9,6.3,15.2,36.0,12.3,20.2,S3.pkl,1366,28b9c4c59263
S4,25,M,168.0,57.0,20.2,4,5,3-5 a week,152.5,4572,56.2,86.7,132.0,14.3,2.6,8,0,-0.127,,9.13,10.31,42.0,9.5,8.7,5.4,7.9,16.8,31.6,9.9,20.6,S4.pkl,1436,78d997d4ef73
S5,21,F,180.0,70.0,21.6,3,4,2-3 a week,155.1,4649,82.5,121.9,187.0,24.6,11.4,8,0,-0.147,,24.46,27.04,42.9,10.0,7.7,4.8,7.2,13.8,37.6,9.8,21.1,S5.pkl,1460,804e0e2a2ddd
S6,37,F,176.0,70.0,22.6,3,1,less than monthly,87.5,2622,76.9,120.9,174.3,26.8,11.4,5,0,-0.149,,17.16,21.23,38.2,10.6,7.2,5.2,8.9,17.5,0.0,0.0,0.0,S6.pkl,826,665bbd49f690
S7,21,F,168.0,58.0,20.5,3,2,monthly,155.7,4668,48.6,83.6,152.9,20.0,6.9,8,0,-0.319,,7.14,7.99,36.5,10.3,6.8,4.6,8.4,17.3,40.4,11.8,19.6,S7.pkl,1465,6f6e16c311f6
S8,43,M,179.0,70.0,21.8,3,5,3-5 a week,134.7,4037,45.4,73.4,115.5,13.5,7.6,8,0,-0.269,,12.45,13.56,34.7,10.0,6.9,5.4,7.0,12.8,30.0,8.0,19.8,S8.pkl,1264,2588412b7f5a
S9,28,F,167.0,60.0,21.5,4,5,3-5 a week,142.7,4277,54.8,80.9,154.3,24.3,5.3,8,0,-0.099,,13.72,13.76,33.4,10.0,8.0,4.7,9.2,15.9,30.7,9.8,20.7,S9.pkl,1347,b4d808c477e1
S10,55,F,164.0,56.0,20.8,4,5,3-5 a week,177.5,5321,56.4,87.6,146.4,16.2,1.9,8,0,-0.242,,9.6,9.81,59.1,9.9,7.8,5.1,8.1,15.6,34.7,18.0,19.1,S10.pkl,1669,0391ada8e48e
S11,24,F,168.0,62.0,22.0,3,5,3-5 a week,150.8,4521,54.7,101.9,171.1,29.6,4.7,8,0,-0.172,,12.99,14.46,33.8,10.0,7.6,5.4,8.2,14.3,40.2,10.9,20.3,S11.pkl,1418,50cdac2ea7af
S12,43,M,195.0,105.0,27.6,3,5,3-5 a week,131.9,3954,41.7,70.9,120.5,17.3,22.9,8,0,-0.312,,12.84,15.08,33.1,10.0,8.1,4.7,8.0,14.8,24.3,8.8,19.9,S12.pkl,1236,f9407607e144
S13,21,F,170.0,63.0,21.8,3,6,5-7 a week,152.3,4565,46.0,84.9,159.1,29.9,7.6,8,0,-0.2,,7.86,9.02,39.7,10.1,8.3,4.8,8.3,15.0,33.8,11.8,20.4,S13.pkl,1422,27d35f148aaf
S14,26,F,170.0,67.0,23.2,3,4,2-3 a week,149.3,4476,56.7,87.5,162.4,20.8,5.9,8,0,-0.261,,7.47,8.78,42.7,10.1,7.6,5.4,8.3,15.9,28.9,10.2,20.1,S14.pkl,1399,4f161e0f71a6
S15,28,M,183.0,79.0,23.6,2,5,3-5 a week,132.3,3966,42.2,76.0,138.5,22.7,8.8,8,0,-0.241,,9.36,11.01,34.2,10.2,7.0,5.9,6.8,13.1,24.0,11.0,20.1,S15.pkl,1242,a4fb3841f0ba
